10.10.10.221,2018-01-06 07:13:20,2018-01-06 07:40:03
10.10.13.167,2018-01-06 11:22:43,2018-01-06 11:22:43
10.10.10.14,2018-01-06 17:02:19,2018-01-06 17:12:23
10.10.10.220,2018-01-06 00:00:36,2018-01-06 03:14:58
10.10.10.221,2018-01-06 16:13:38,2018-01-06 17:18:37
10.10.10.14,2018-01-06 17:13:42,2018-01-06 21:55:36
10.10.13.167,2018-01-06 12:23:44,2018-01-06 13:00:52
10.10.10.221,2018-01-06 11:06:48,2018-01-06 16:13:38
10.10.15.98,2018-01-06 10:52:14,2018-01-06 10:52:33
10.10.10.221,2018-01-06 19:18:38,2018-01-06 22:09:25
10.10.10.145,2018-01-06 07:13:20,2018-01-06 07:40:03
10.10.13.83,2018-01-06 11:22:43,2018-01-06 11:22:43
10.10.10.79,2018-01-06 17:02:19,2018-01-06 17:12:23
10.10.10.103,2018-01-06 00:00:36,2018-01-06 03:14:58
10.10.10.145,2018-01-06 16:13:38,2018-01-06 17:18:37
10.10.10.79,2018-01-06 17:13:42,2018-01-06 21:55:36
10.10.13.83,2018-01-06 12:23:44,2018-01-06 13:00:52
10.10.10.103,2018-01-06 11:06:48,2018-01-06 16:13:38
10.10.15.9,2018-01-06 10:52:14,2018-01-06 10:52:33
10.10.10.145,2018-01-06 19:18:38,2018-01-06 22:09:25
10.10.10.221,2018-01-06 07:13:20,2018-01-06 07:40:03
10.10.13.167,2018-01-06 11:22:43,2018-01-06 11:22:43
10.10.10.14,2018-01-06 17:02:19,2018-01-06 17:12:23
10.10.10.220,2018-01-06 00:00:36,2018-01-06 03:14:58
10.10.10.221,2018-01-06 16:13:38,2018-01-06 17:18:37
10.10.10.14,2018-01-06 17:13:42,2018-01-06 21:55:36
10.10.13.167,2018-01-06 12:23:44,2018-01-06 13:00:52
10.10.10.221,2018-01-06 11:06:48,2018-01-06 16:13:38
10.10.15.98,2018-01-06 10:52:14,2018-01-06 10:52:33
10.10.10.221,2018-01-06 19:18:38,2018-01-06 22:09:25
10.10.10.145,2018-01-06 07:13:20,2018-01-06 07:40:03
10.10.13.83,2018-01-06 11:22:43,2018-01-06 11:22:43
10.10.10.79,2018-01-06 17:02:19,2018-01-06 17:12:23
10.10.10.103,2018-01-06 00:00:36,2018-01-06 03:14:58
10.10.10.145,2018-01-06 16:13:38,2018-01-06 17:18:37
10.10.10.79,2018-01-06 17:13:42,2018-01-06 21:55:36
10.10.13.83,2018-01-06 12:23:44,2018-01-06 13:00:52
10.10.10.103,2018-01-06 11:06:48,2018-01-06 16:13:38
10.10.15.9,2018-01-06 10:52:14,2018-01-06 10:52:33
10.10.10.145,2018-01-06 19:18:38,2018-01-06 22:09:25
10.10.10.221,2018-01-06 07:13:20,2018-01-06 07:40:03
10.10.13.167,2018-01-06 11:22:43,2018-01-06 11:22:43
10.10.10.14,2018-01-06 17:02:19,2018-01-06 17:12:23
10.10.10.220,2018-01-06 00:00:36,2018-01-06 03:14:58
10.10.10.221,2018-01-06 16:13:38,2018-01-06 17:18:37
10.10.10.14,2018-01-06 17:13:42,2018-01-06 21:55:36
10.10.13.167,2018-01-06 12:23:44,2018-01-06 13:00:52
10.10.10.221,2018-01-06 11:06:48,2018-01-06 16:13:38
10.10.15.98,2018-01-06 10:52:14,2018-01-06 10:52:33
10.10.10.221,2018-01-06 19:18:38,2018-01-06 22:09:25
10.10.10.145,2018-01-06 07:13:20,2018-01-06 07:40:03
10.10.13.83,2018-01-06 11:22:43,2018-01-06 11:22:43
10.10.10.79,2018-01-06 17:02:19,2018-01-06 17:12:23
10.10.10.103,2018-01-06 00:00:36,2018-01-06 03:14:58
10.10.10.145,2018-01-06 16:13:38,2018-01-06 17:18:37
10.10.10.79,2018-01-06 17:13:42,2018-01-06 21:55:36
10.10.13.83,2018-01-06 12:23:44,2018-01-06 13:00:52
10.10.10.103,2018-01-06 11:06:48,2018-01-06 16:13:38
10.10.15.9,2018-01-06 10:52:14,2018-01-06 10:52:33
10.10.10.145,2018-01-06 19:18:38,2018-01-06 22:09:25
10.10.10.221,2018-01-06 07:13:20,2018-01-06 07:40:03
10.10.13.167,2018-01-06 11:22:43,2018-01-06 11:22:43
10.10.10.14,2018-01-06 17:02:19,2018-01-06 17:12:23
10.10.10.220,2018-01-06 00:00:36,2018-01-06 03:14:58
10.10.10.221,2018-01-06 16:13:38,2018-01-06 17:18:37
10.10.10.14,2018-01-06 17:13:42,2018-01-06 21:55:36
10.10.13.167,2018-01-06 12:23:44,2018-01-06 13:00:52
10.10.10.221,2018-01-06 11:06:48,2018-01-06 16:13:38
10.10.15.98,2018-01-06 10:52:14,2018-01-06 10:52:33
10.10.10.221,2018-01-06 19:18:38,2018-01-06 22:09:25
10.10.10.145,2018-01-06 07:13:20,2018-01-06 07:40:03
10.10.13.83,2018-01-06 11:22:43,2018-01-06 11:22:43
10.10.10.79,2018-01-06 17:02:19,2018-01-06 17:12:23
10.10.10.103,2018-01-06 00:00:36,2018-01-06 03:14:58
10.10.10.145,2018-01-06 16:13:38,2018-01-06 17:18:37
10.10.10.79,2018-01-06 17:13:42,2018-01-06 21:55:36
10.10.13.83,2018-01-06 12:23:44,2018-01-06 13:00:52
10.10.10.103,2018-01-06 11:06:48,2018-01-06 16:13:38
10.10.15.9,2018-01-06 10:52:14,2018-01-06 10:52:33
10.10.10.145,2018-01-06 19:18:38,2018-01-06 22:09:25
10.10.10.221,2018-01-06 07:13:20,2018-01-06 07:40:03
10.10.13.167,2018-01-06 11:22:43,2018-01-06 11:22:43
10.10.10.14,2018-01-06 17:02:19,2018-01-06 17:12:23
10.10.10.220,2018-01-06 00:00:36,2018-01-06 03:14:58
10.10.10.221,2018-01-06 16:13:38,2018-01-06 17:18:37
10.10.10.14,2018-01-06 17:13:42,2018-01-06 21:55:36
10.10.13.167,2018-01-06 12:23:44,2018-01-06 13:00:52
10.10.10.221,2018-01-06 11:06:48,2018-01-06 16:13:38
10.10.15.98,2018-01-06 10:52:14,2018-01-06 10:52:33
10.10.10.221,2018-01-06 19:18:38,2018-01-06 22:09:25
10.10.10.221,2018-01-06 07:13:20,2018-01-06 07:40:03
10.10.13.167,2018-01-06 11:22:43,2018-01-06 11:22:43
10.10.10.14,2018-01-06 17:02:19,2018-01-06 17:12:23
10.10.10.220,2018-01-06 00:00:36,2018-01-06 03:14:58
10.10.10.221,2018-01-06 16:13:38,2018-01-06 17:18:37
10.10.10.14,2018-01-06 17:13:42,2018-01-06 21:55:36
10.10.13.167,2018-01-06 12:23:44,2018-01-06 13:00:52
10.10.10.221,2018-01-06 11:06:48,2018-01-06 16:13:38
10.10.15.98,2018-01-06 10:52:14,2018-01-06 10:52:33
10.10.10.221,2018-01-06 19:18:38,2018-01-06 22:09:25
